ticker,net_income,equity,ebit,capital_employed,revenue,revenue_3y_ago,profit_3y_ago,total_debt,interest_expense,cfo,capex,total_assets,roe,roce,net_margin,operating_margin,revenue_cagr,profit_cagr,debt_to_equity,interest_coverage,ocf_ratio,fcf,fcf_margin,asset_turnover
RELIANCE,696480000000.0,8432000000000.0,1281380000000.0,14963840000000.0,9646930000000.0,6959630000000.0,607050000000.0,3695750000000.0,221210000000.0,1787030000000.0,1399670000000.0,19501210000000.0,0.08259962049335863,0.08563176296993286,0.07219706165588431,0.13282774934616504,0.11498149236908084,0.04687475912111139,0.43830052182163187,5.792595271461507,2.5658023202389155,387360000000.0,0.040153706930598644,0.49468366321884644
TCS,485530000000.0,947560000000.0,661270000000.0,1066280000000.0,2553240000000.0,1917540000000.0,383270000000.0,93920000000.0,7960000000.0,489080000000.0,39370000000.0,1596290000000.0,0.5124002701675884,0.6201654349701767,0.1901623035828986,0.25899249580924627,0.10014282114946793,0.082024466052522,0.09911773396935286,83.07412060301507,1.0073115976355735,449710000000.0,0.17613307013833404,1.5994838030683647
HDFCBANK,673508300000.0,7676891400000.0,,15002997500000.0,2371508200000.0,1019413700000.0,386000400000.0,7326106100000.0,1823477000000.0,1195617400000.0,66397300000.0,48187671100000.0,0.08773190408815736,,0.28399998785582947,,0.32502698064489444,0.20388517319859578,0.9543063355044986,,1.77520811547534,1129220100000.0,0.47616116191375596,0.04921400320589471
INFY,3158000000.0,11205000000.0,4496000000.0,12407000000.0,19277000000.0,16311000000.0,2963000000.0,962000000.0,49000000.0,4351000000.0,263000000.0,17419000000.0,0.2818384649709951,0.36237607802047234,0.16382217149971467,0.2332313119261296,0.05727091841700993,0.0214728425629529,0.08585452922802321,91.75510204081633,1.3777707409753008,4088000000.0,0.2120661928723349,1.1066651357712842
ITC,347466300000.0,700300500000.0,269720000000.0,737565700000.0,746533200000.0,600813600000.0,152426600000.0,2848400000.0,450600000.0,176270400000.0,22787000000.0,880906800000.0,0.4961674309814144,0.36568945654604057,0.4654398491587514,0.36129672464667345,0.07506929271480134,0.31608511043335197,0.004067396781810094,598.5796715490458,0.5073021469995795,153483400000.0,0.20559487508392124,0.8474599128988447
20MICRONS,623763000.0,4293638000.0,940218000.0,4952018000.0,9116589000.0,6114427000.0,345854000.0,1648262000.0,113241000.0,317862000.0,766800000.0,7145086000.0,0.1452761038541209,0.18986562649812663,0.06842065601509512,0.10313265191619365,0.14241931525942464,(0.21723828183511973+0j),0.38388471501323584,8.302805520968553,0.5095877761265096,-448938000.0,-0.04924407582704452,1.2759243205750077
21STCENMGM,123377000.0,510134000.0,195569000.0,512069000.0,163247000.0,99744000.0,146578000.0,,442000.0,51478000.0,,570650000.0,0.24185214081006168,0.3819192335407924,0.7557688655840537,1.1979944501277207,0.17847256385642019,(-0.05581925802362786+0j),,442.46380090497735,0.41724146315763877,,,0.2860720231315167
360ONE,10153000000.0,70647100000.0,22253000000.0,104385000000.0,26353100000.0,14946400000.0,5777400000.0,110255300000.0,8784800000.0,-24108700000.0,552400000.0,197687000000.0,0.1437143208992301,0.2131819705896441,0.3852677673594378,0.8444167858809779,0.2080874415970475,(0.20675928684243883+0j),1.5606486324279412,2.5331253984154447,-2.3745395449620803,-24661100000.0,-0.93579502980674,0.1333071977418849
3IINFOLTD,253500000.0,3068800000.0,184700000.0,3508400000.0,7257600000.0,6770100000.0,-574900000.0,635100000.0,68600000.0,282500000.0,21600000.0,5728200000.0,0.08260557872784151,0.05264508037852012,0.034928902116402115,0.02544918430335097,0.02344847129609695,(-0.6194323317279858+0.6591625371651465j),0.20695385818561002,2.692419825072886,1.1143984220907297,260900000.0,0.035948522927689595,1.2669948674976432
3MINDIA,4760674000.0,18464969000.0,7842089000.0,19716359000.0,44428602000.0,33339389000.0,2719711000.0,995353000.0,108023000.0,3551044000.0,554202000.0,30145917000.0,0.25782193298022865,0.39774529364169114,0.10715336035106394,0.1765099203436561,0.10044498901364585,(0.20517069205092286+0j),0.05390493750625847,72.59647482480582,0.7459120284228662,2996842000.0,0.06745298895517801,1.4737850568619293
3PLAND,20902000.0,1397045000.0,19258000.0,1533350000.0,36586000.0,17394000.0,11547000.0,,,11711000.0,,1534936000.0,0.014961579619840449,0.012559428701861936,0.5713114306018696,0.5263762094790357,0.2812635995534176,(0.21872641953333494+0j),,,0.5602813127930342,,,0.02383552148102592
5PAISA,682340000.0,6036420000.0,1094300000.0,6130600000.0,2291570000.0,2159730000.0,137360000.0,2174160000.0,182110000.0,979350000.0,80320000.0,16666280000.0,0.1130371975442398,0.17849802629432682,0.2977609237335102,0.4775328704774456,0.01994766732031983,(0.7062664431527712+0j),0.3601737453656306,6.0090055460985115,1.4352815312014537,899030000.0,0.3923205487940582,0.1374973899394466
63MOONS,-331704000.0,34143357000.0,-546872000.0,34567865000.0,468204000.0,1597650000.0,-531734000.0,28480000.0,6688000.0,-1427828000.0,112723000.0,36785417000.0,-0.009715037686540313,-0.015820242297289695,-0.7084604146910322,-1.1680207772680284,-0.33577101147892274,(-0.1455524162850491+0j),0.0008341300476107256,-81.76913875598086,4.304524515833394,-1540551000.0,-3.2903413896506652,0.012727978589993964
A2ZINFRA,89731000.0,451660000.0,171251000.0,720086000.0,3362675000.0,3533250000.0,-1799100000.0,916225000.0,70842000.0,542143000.0,33343000.0,4984243000.0,0.1986693530531816,0.23782020480887006,0.02668441047677816,0.05092701495089475,-0.01635850207749956,(-0.8159514476861139+0.318781443667149j),2.0285723774520656,2.4173654047034243,6.041869587990773,508800000.0,0.1513081103585687,0.6746611270758669
AAATECH,35103000.0,308251000.0,47007000.0,308251000.0,254555000.0,144016000.0,23384000.0,0.0,0.0,16553000.0,2589000.0,325543000.0,0.11387797606496004,0.15249585565010332,0.13789947162695684,0.18466343226414725,0.20908535972260478,(0.14500788452667868+0j),0.0,,0.47155513773751534,13964000.0,0.05485651430928483,0.7819397130333012
AADHARHFC,9118300000.0,63722900000.0,23313400000.0,206359200000.0,28351700000.0,16118500000.0,4448500000.0,163218800000.0,11580800000.0,-30266500000.0,148000000.0,232239600000.0,0.14309298541026852,0.1129748516179555,0.3216138714786062,0.822292843109937,0.207122913505579,0.27028185319869547,2.5613837411668334,2.0131079027355625,-3.3193139071976137,-30414500000.0,-1.0727575418757958,0.1220795247666634
AAKASH,18408290.0,603615230.0,45286880.0,630635561.0,981889390.0,768766480.0,61214600.0,237283160.0,19725230.0,82294550.0,90905150.0,964316280.0,0.03049672885158978,0.07181149113790619,0.018747824538566406,0.04612218082934983,0.08498244023780988,-0.3300339272124684,0.393103335050045,2.2958860302262636,4.470515729597915,-8610600.0,-0.008769419537163956,1.0182233882850138
AAREYDRUGS,40239000.0,1384805000.0,99842000.0,1413859000.0,4722350000.0,4916097000.0,65548000.0,348560000.0,38823000.0,103004000.0,52044000.0,2905920000.0,0.029057520733966155,0.07061665979422276,0.008520969432591823,0.02114243967516173,-0.013313371203884428,-0.15011027626667095,0.251703308408043,2.571722947737166,2.559805164144238,50960000.0,0.010791237413575868,1.6250791487721616
AARON,82432000.0,430297000.0,130860000.0,631350000.0,778664000.0,377292000.0,37092000.0,318567000.0,12224000.0,86325000.0,79889000.0,828242000.0,0.1915700086219518,0.20727013542409123,0.1058633762444392,0.16805708238726844,0.27318300623778735,0.3049840250620275,0.7403421357806352,10.705170157068062,1.0472268051242235,6436000.0,0.008265439265202963,0.940140683520034
AARTECH,27642000.0,314556000.0,21568000.0,319872000.0,363522000.0,163364000.0,27975000.0,56375000.0,4219000.0,-15216000.0,4907000.0,428093000.0,0.08787624461145234,0.06742697078831533,0.07603941439582748,0.05933065949241036,0.3055438004565345,-0.0039836770276612254,0.1792208700517555,5.112111874851861,-0.5504666811373996,-20123000.0,-0.0553556593548671,0.8491659522580374
AARTIDRUGS,1681585000.0,13689985000.0,2476440000.0,17377114000.0,23689276000.0,24886458000.0,2050386000.0,6150707000.0,358726000.0,2445838000.0,1771614000.0,25746782000.0,0.12283322443377404,0.14251158161245878,0.07098507358350672,0.10453844178268681,-0.016299483370570966,-0.06396001933202644,0.4492851526133885,6.903430473397523,1.4544837162557944,674224000.0,0.02846114841162727,0.9200868675549434
AARTIIND,3308700000.0,56051200000.0,5435300000.0,76471200000.0,71313200000.0,51911900000.0,11856700000.0,38477900000.0,2363000000.0,12419300000.0,13859700000.0,111135200000.0,0.05902995832381822,0.0710764313885489,0.046396740014471374,0.07621730619296288,0.11164896182865358,-0.346521675776872,0.6864777203699475,2.300169276343631,3.753528576177955,-1440400000.0,-0.0201982241716821,0.6416796838445425
AARTIPHARM,2724048000.0,19899064000.0,3875859000.0,22493556000.0,20860021000.0,11920336000.0,1222511000.0,4208179000.0,268964000.0,3315615000.0,4438784000.0,29064051000.0,0.13689327297002513,0.1723097495122603,0.13058702098142663,0.1858032165931185,0.20506021386673257,0.30613277315594245,0.21147622822862422,14.410326289020093,1.2171646755123258,-1123169000.0,-0.053843138508825085,0.7177258600323816
AARTISURF,145447000.0,2326248000.0,321763000.0,2908840000.0,6485132000.0,5703729000.0,54948000.0,880685000.0,114742000.0,111381000.0,202358000.0,4771871000.0,0.06252428803807676,0.11061557184307147,0.022427762457263783,0.04961548970784249,0.04372634513996454,0.38330397880308187,0.37858603209975894,2.804230360286556,0.7657841000501902,-90977000.0,-0.0140285502284302,1.3590333854372845
AARVI,100445000.0,1253234000.0,142944000.0,1329499000.0,5040768000.0,2834715000.0,120674000.0,267812000.0,30751000.0,-24026000.0,98958000.0,2130294000.0,0.08014863944004072,0.10751719256652317,0.01992652706889109,0.02835758360630761,0.21151585644907356,-0.05932802641100321,0.21369672383609126,4.648434197261878,-0.23919557967046642,-122984000.0,-0.024397869530992104,2.366231139927165
AAVAS,5741082000.0,43608323000.0,7378325000.0,160686608000.0,19875221000.0,11107567000.0,3551806000.0,139184758000.0,52434000.0,-16601262000.0,300706000.0,186184740000.0,0.13165106119765257,0.04591748554428381,0.28885625976184115,0.3712323500704722,0.2140344434059933,(0.17358577771610118+0j),3.191701685020082,140.71642445741313,-2.891660840238826,-16901968000.0,-0.850404028211812,0.10675000002685504
ABAN,-8893920000.0,-254019960000.0,2120590000.0,-254014870000.0,4756550000.0,5983390000.0,-21770780000.0,156971950000.0,10766100000.0,1388900000.0,12380000.0,15329850000.0,0.035012681680604944,-0.008348290791007629,-1.8698258191336157,0.4458252304716654,-0.07363617982790327,(-0.2579957208892203+0j),-0.6179512428865827,0.19696919032890275,-0.15616286182020978,1376520000.0,0.2893946242549747,0.3102802701918153
ABB,18716400000.0,70754000000.0,25286600000.0,71173700000.0,120876700000.0,68640200000.0,5197100000.0,518800000.0,154000000.0,13318000000.0,2139500000.0,123913300000.0,0.2645278005483789,0.3552801104902513,0.15483877372562288,0.20919333502651877,0.20759512626116772,(0.532805611309431+0j),0.007332447635469373,164.1987012987013,0.7115684640208587,11178500000.0,0.09247853391100187,0.9754941559945542
ABBOTINDIA,14144400000.0,42331500000.0,18983800000.0,45101200000.0,64069700000.0,49103000000.0,7987000000.0,1966700000.0,114300000.0,10118400000.0,526000000.0,59173100000.0,0.33413415541617947,0.42091562973934177,0.22076582222173663,0.29629918666702043,0.09273508633980088,(0.20985581179348878+0j),0.04645949234021946,166.08748906386703,0.7153643844913888,9592400000.0,0.14971819752550738,1.0827504389663547
ABCAPITAL,33323200000.0,303887200000.0,145552200000.0,1701867300000.0,431489900000.0,256184300000.0,17059700000.0,1397980100000.0,97123800000.0,-279346300000.0,4576500000.0,2790613800000.0,0.10965647779834096,0.08552499951083142,0.07722822712652139,0.33732469751899175,0.18979655707226462,(0.25004343419009767+0j),4.600325712961915,1.4986254656428188,-8.382937412973543,-283922800000.0,-0.6580056682670904,0.15462186132670885
ABCOTS,102125000.0,1107564000.0,237331000.0,1837659000.0,2961467000.0,1398636000.0,68332000.0,1657855000.0,100567000.0,-164718000.0,500431000.0,2883899000.0,0.09220686118364266,0.1291485525878305,0.03448459834264572,0.08013967401966661,0.28410557562719596,(0.14332397997735424+0j),1.4968480376754751,2.359929201427904,-1.612905752753978,-665149000.0,-0.22460118583121136,1.0268969197603661
ABDL,1948640000.0,15428555000.0,3907848000.0,16827897000.0,33438748000.0,25589090000.0,14760000.0,9052468000.0,1250621000.0,-6784221000.0,1304883000.0,35346596000.0,0.1263008752277838,0.23222438311810442,0.05827490909647694,0.11686585873370618,0.09328080261349214,(4.091922111803842+0j),0.5867346618007973,3.124726036105263,-3.4815158264225308,-8089104000.0,-0.2419081001477687,0.9460245620257182
ABFRL,-3758200000.0,68121700000.0,-1598500000.0,127207600000.0,73089100000.0,80930600000.0,-1087200000.0,50162400000.0,5585300000.0,16438300000.0,6347700000.0,166395000000.0,-0.055168910934401225,-0.012566073096261544,-0.051419431898874116,-0.02187056619933752,-0.03340038462635975,(0.5120174900331886+0j),0.736364477104946,-0.2861976975274381,-4.3739822255335,10090600000.0,0.13805888976605266,0.43925057844286186
ABINFRA,161214000.0,1103782000.0,272429000.0,1389783000.0,2081688000.0,643157000.0,8644000.0,858459000.0,53872000.0,-235921000.0,44283000.0,2491414000.0,0.146056014684059,0.19602268843409368,0.07744388208031175,0.13086927531887582,0.47922037186468813,(1.6519337179082139+0j),0.7777432500258203,5.056968369468369,-1.463402682149193,-280204000.0,-0.13460422503276187,0.8355447950440995
ABMINTLLTD,-13644000.0,135279000.0,-16650000.0,137995000.0,801932000.0,1269854000.0,13718000.0,146508000.0,2027000.0,-12269000.0,87000.0,370204000.0,-0.10085822633224668,-0.12065654552701185,-0.01701391140395944,-0.020762358903248655,-0.14205143770016693,(-0.5009006835470685+0.8644653741193744j),1.083006231565875,-8.214109521460285,0.899223101729698,-12356000.0,-0.01540779018669912,2.1661894523019742
ABREL,-1612800000.0,38402600000.0,-1332500000.0,81161600000.0,12033700000.0,40700800000.0,1665300000.0,49965400000.0,457500000.0,-12934400000.0,2860700000.0,165331700000.0,-0.04199715644253254,-0.016417862634546386,-0.1340236170089,-0.11073069795657196,-0.33380902505835464,(-0.5053105119205841+0.8568273273237866j),1.3010941967470953,-2.912568306010929,8.01984126984127,-15795100000.0,-1.3125721930910692,0.07278519485373948
ABSLAMC,9306000000.0,37268700000.0,12502000000.0,38563800000.0,16847800000.0,12929616000.0,6727718000.0,680600000.0,56600000.0,7084800000.0,312800000.0,41144300000.0,0.24970015052845954,0.32419004351230946,0.5523569842946854,0.7420553425373045,0.09224279989747464,(0.11420496570488359+0j),0.018261973183931825,220.8833922261484,0.7613152804642166,6772000000.0,0.40195159011859116,0.40948077862547183
ACC,24021200000.0,185548400000.0,32350000000.0,197444600000.0,206721500000.0,158144000000.0,18629900000.0,4297700000.0,1082200000.0,17114800000.0,19684400000.0,254126100000.0,0.12946056123361882,0.1638434274728202,0.11620078221181639,0.15649073753818543,0.09339640780691916,(0.088415518183528+0j),0.023162150684134165,29.8928109406764,0.7124873028824539,-2569600000.0,-0.01243025036099293,0.8134603254053795
ACCELYA,1290159000.0,2776759000.0,1780290000.0,3429080000.0,5284914000.0,3683981000.0,761877000.0,620263000.0,34219000.0,1445631000.0,192527000.0,4493375000.0,0.46462764683575347,0.5191742391545254,0.24412109638870189,0.33686262444384146,0.1278210105854778,(0.19193559969232576+0j),0.22337660560387126,52.02635962476987,1.1205060771579316,1253104000.0,0.23710962940929597,1.1761568976548809
ACCURACY,46520000.0,1207890000.0,187210000.0,1492410000.0,9460630000.0,8244510000.0,181000000.0,1355670000.0,118800000.0,5600000.0,73850000.0,3151040000.0,0.03851344079344973,0.12544140015143293,0.004917220100564127,0.019788322764974425,0.046931827543125415,(-0.36420021449749085+0j),1.1223455778257954,1.5758417508417508,0.12037833190025796,-68250000.0,-0.0072141073057502515,3.002383340103585
ACE,4092186000.0,16147255000.0,5777722000.0,16293381000.0,33245835000.0,16295800000.0,1050200000.0,164367000.0,286524000.0,4119842000.0,2209976000.0,27108470000.0,0.2534292051497298,0.3546054683186995,0.12308868163485742,0.17378784440216347,0.2682956991704406,(0.5736003750949064+0j),0.010179253377741294,20.16487973084279,1.0067582460816786,1909866000.0,0.05744677491180474,1.2264002726823018
ACEINTEG,-15600000.0,175400000.0,-20800000.0,176600000.0,85500000.0,87400000.0,9900000.0,1400000.0,200000.0,-1500000.0,700000.0,182100000.0,-0.08893956670467502,-0.11778029445073612,-0.1824561403508772,-0.2432748538011696,-0.00729953030699193,(-0.4181650494100705+1.007767696041085j),0.00798175598631699,-104.0,0.09615384615384616,-2200000.0,-0.025730994152046785,0.4695222405271829
ACI,1621487000.0,18640132000.0,2304394000.0,21961560000.0,10394407000.0,11295843000.0,1882092000.0,2345752000.0,66725000.0,1762337000.0,2635721000.0,23934340000.0,0.0869890299060114,0.10492852056047021,0.1559961044434762,0.22169557147415914,-0.027341566338492385,(-0.04846622683782342+0j),0.12584417320649874,34.53569127013863,1.0868647112187764,-873384000.0,-0.08402441813178953,0.43428843243640725
ACL,-1521100000.0,1445500000.0,-1036800000.0,8536000000.0,2728700000.0,0.0,-2362998000.0,7571700000.0,708300000.0,595500000.0,845900000.0,11444100000.0,-1.0523002421307506,-0.12146204311152765,-0.5574449371495585,-0.3799611536629164,,(-0.13656137836343074+0j),5.238118298166724,-1.4637865311308766,-0.39149299848793634,-250400000.0,-0.0917653094880346,0.23843727335482912
ACMESOLAR,2521080000.0,45105800000.0,10888520000.0,170842090000.0,14051310000.0,14874070000.0,620340000.0,109757290000.0,7508160000.0,15430190000.0,32659930000.0,184037390000.0,0.05589259030989363,0.06373441111613655,0.17941957013260684,0.7749113783697036,-0.018789173643701917,(0.5958262839045849+0j),2.433329860018002,1.4502248220602652,6.120468212036111,-17229740000.0,-1.226201685109787,0.0763503003384258
ACUTAAS,1587136000.0,13096287000.0,2223814000.0,13470137000.0,9999668000.0,5201350000.0,719461000.0,129387000.0,62184000.0,1183427000.0,1946429000.0,15492611000.0,0.1211897692834618,0.16509215904782557,0.1587188694664663,0.2223887833076058,0.24343522875896006,0.3017741057713399,0.009879670474539845,35.76183584201724,0.7456367948304368,-763002000.0,-0.07630273325074392,0.645447562066846
ADANIENSOL,10599700000.0,220682000000.0,42100200000.0,640374200000.0,235461500000.0,109602100000.0,12046100000.0,402752800000.0,31351700000.0,86952200000.0,93781400000.0,739601000000.0,0.04803155671962371,0.06574312331758525,0.04501670124415244,0.1787986571053017,0.29032865994459445,-0.041742184833385876,1.825036930968543,1.342836273631095,8.203269903865204,-6829200000.0,-0.029003467658194653,0.3183628740361357
ADANIENT,70990000000.0,503139700000.0,153663400000.0,1507523900000.0,977110800000.0,693043600000.0,7765600000.0,918191700000.0,48876000000.0,45131000000.0,291711400000.0,1981355400000.0,0.14109401424693777,0.10193098762812318,0.072652968322528,0.15726302482789056,0.12131531051328248,1.0909359029776877,1.8249239724076634,3.1439438579261805,0.6357374278067334,-246580400000.0,-0.25235664164186905,0.4931527175790875
ADANIGREEN,14440000000.0,121370000000.0,70520000000.0,945100000000.0,112120000000.0,51330000000.0,4890000000.0,800400000000.0,48370000000.0,83640000000.0,247760000000.0,1113980000000.0,0.1189750350168905,0.07461644270447572,0.12879058151980022,0.6289689618266143,0.2974897677610051,0.43467251409479024,6.5947103897173935,1.4579284680587141,5.792243767313019,-164120000000.0,-1.463788797716732,0.10064812653728074
ADANIPORTS,110923100000.0,624353900000.0,157163000000.0,1143462400000.0,304753300000.0,169790800000.0,48860300000.0,513048200000.0,26866800000.0,172262800000.0,80489200000.0,1353322300000.0,0.1776606184409195,0.1374448342157993,0.3639766985295975,0.5157056543768352,0.21528485994661017,0.31428219096473575,0.8217265880776912,5.849710423273334,1.5529930194882762,91773600000.0,0.30114062751740506,0.22518900338818032
ADANIPOWER,129387700000.0,563470900000.0,194321200000.0,964765800000.0,561318200000.0,276549000000.0,49115800000.0,393562900000.0,30726100000.0,215011100000.0,115590400000.0,1129175700000.0,0.22962623269453666,0.20141800217213338,0.23050686758419733,0.346187242815216,0.2661320737017909,0.38109617843283905,0.6984618016653567,6.3243040932627315,1.6617584206226712,99420700000.0,0.17712003637152687,0.4971043921685527
ADFFOODS,692557000.0,4926606000.0,941768000.0,5589221000.0,5580117000.0,4057961000.0,480981000.0,592336000.0,25761000.0,374157000.0,412382000.0,6281978000.0,0.14057487040774114,0.16849718413353132,0.12411155536702904,0.1687720884705464,0.11201798701174415,0.12921299515899065,0.12023206239752073,36.55789759714297,0.5402544483703147,-38225000.0,-0.006850214789403161,0.8882738844357622
ADL,565000.0,507684000.0,22109000.0,546172000.0,524045000.0,419570000.0,2458000.0,224223000.0,20916000.0,21066000.0,7866000.0,784638000.0,0.0011128969989205883,0.040479922075829594,0.0010781516854468606,0.042189124979725025,0.07693142839790768,-0.3874302831792612,0.44165859077694,1.057037674507554,37.28495575221239,13200000.0,0.0251886765449532,0.6678812395015281
ADOR,600500000.0,5070900000.0,911200000.0,5204100000.0,11178700000.0,6570000000.0,450200000.0,24100000.0,45400000.0,1371100000.0,412700000.0,6939300000.0,0.11842079315308919,0.17509271535904383,0.05371823199477578,0.08151216152146493,0.1938285954905763,0.10078501030905995,0.004752608018300499,20.070484581497798,2.2832639467110742,958400000.0,0.0857344771753424,1.6109261741097805
ADROITINFO,6883000.0,746763000.0,25330000.0,768019000.0,317122000.0,63710000.0,6187000.0,162217000.0,8074000.0,-134150000.0,84069000.0,964756000.0,0.00921711439907976,0.032980954898251216,0.021704580571515062,0.07987462238507577,0.7074169517045368,0.036173667270612775,0.21722688456712505,3.1372306167946493,-19.490047944210374,-218219000.0,-0.688123182875991,0.32870694766345065
ADSL,278100000.0,6017600000.0,675400000.0,7148900000.0,8070700000.0,4846700000.0,610300000.0,949000000.0,69200000.0,922700000.0,106700000.0,9253500000.0,0.046214437649561284,0.09447607324203723,0.034457977622758866,0.0836854300122666,0.18528199828766678,-0.2304812499296025,0.15770406806700346,9.760115606936417,3.31787126932758,816000000.0,0.10110647155760963,0.87217809477495
ADVANCE,256380000.0,1008730000.0,420500000.0,1165160000.0,5019190000.0,2507460000.0,89890000.0,804520000.0,68500000.0,57130000.0,336060000.0,3514720000.0,0.2541611729600587,0.3608946410793367,0.051079955132202606,0.08377845827713237,0.26027853892717334,0.41815680825889867,0.7975573245566207,6.138686131386861,0.22283329432873078,-278930000.0,-0.0555727119316065,1.4280483224837255
ADVANIHOTR,264355000.0,814202000.0,354110000.0,882712000.0,980912000.0,486745000.0,65081000.0,6500000.0,1133000.0,211988000.0,32821000.0,1078191000.0,0.3246798705972228,0.40116142071253136,0.26949920074379763,0.36100078294485133,0.2631148746812264,0.595552518701717,0.007983276877236854,312.54192409532214,0.801906527207732,179167000.0,0.18265348981356125,0.9097757261932256
ADVENTHTL,-98000.0,-651000.0,-99000.0,20194974000.0,0.0,,,5610000.0,,20195584000.0,,20200658000.0,0.15053763440860216,-4.9022098270589505e-06,,,,,-8.617511520737327,,-206077.38775510204,,,0.0
ADVENZYMES,1311150000.0,14208630000.0,1909210000.0,15245920000.0,6365070000.0,5289040000.0,1195820000.0,393500000.0,35570000.0,1424970000.0,347810000.0,16213470000.0,0.09227842515429004,0.12522760187643645,0.2059914502118594,0.2999511395789834,0.06367457285475542,0.03116664268186553,0.027694436409421597,53.674725892606126,1.0868092895549708,1077160000.0,0.16922987492674865,0.39257913327622035
AEGISLOG,6633779000.0,46308211000.0,11472110000.0,98907675000.0,65691109000.0,46243545000.0,3575229000.0,46060387000.0,1583883000.0,5581942000.0,9448655000.0,112327536000.0,0.14325275921369537,0.11598806664902395,0.100984426979304,0.17463717959153346,0.12413505597258268,0.2288127576573753,0.9946483788803675,7.243028683305522,0.8414422608893061,-3866713000.0,-0.058862044785999885,0.5848175019168942
AEGISVOPAK,865440000.0,9971650000.0,2902840000.0,43101710000.0,5617610000.0,,,32729460000.0,1692660000.0,3372080000.0,6627330000.0,45234010000.0,0.08679004979115794,0.0673486040345035,0.1540583985004299,0.5167393250866472,,,3.282251182101257,1.7149575224794111,3.8963764096875577,-3255250000.0,-0.5794724090850023,0.12418996237565495
AEQUS,-1023460000.0,7169190000.0,-423740000.0,11834200000.0,8979630000.0,,,7850470000.0,517050000.0,261410000.0,2651620000.0,18598400000.0,-0.14275810795919763,-0.03580639164455561,-0.11397574287582005,-0.047189026719363716,,,1.0950288665804644,-0.8195338942075234,-0.2554178961561761,-2390210000.0,-0.26618134600200677,0.4828173391259463
AEROENTER,531200000.0,7007219000.0,1143864000.0,8467861000.0,5785377000.0,3376238000.0,355438000.0,310665000.0,54173000.0,1396495000.0,1044252000.0,9751019000.0,0.07580753505777399,0.13508299203305296,0.09181769831075831,0.19771641502360174,0.19664740594759333,0.14331193370639972,0.044334992241572585,21.115020397615048,2.6289439006024096,352243000.0,0.060885055546077635,0.5933099914993499
AEROFLEX,525076000.0,3424162000.0,702845000.0,3443075000.0,3665869000.0,2329870000.0,275060000.0,5835000.0,3364000.0,265839000.0,1034628000.0,4265511000.0,0.15334438031845457,0.20413293349694678,0.14323370529607032,0.19172670927411753,0.16309471949574772,0.24050421187004978,0.0017040665716166466,208.93133174791913,0.5062867089716536,-768789000.0,-0.20971534989384508,0.8594208290636222
AERONEU,2022000.0,841400000.0,34736000.0,933306000.0,1292353000.0,805114000.0,42033000.0,282973000.0,30931000.0,75578000.0,57123000.0,1277216000.0,0.0024031376277632516,0.037218232819675436,0.0015645880034324986,0.026878105285475407,0.1708679696577502,(-0.6363109256859247+0j),0.3363120988828144,1.1230157447221234,37.37784371909001,18455000.0,0.014280154106501861,1.0118515583894971
AETHER,1584180000.0,22258850000.0,2224750000.0,22935170000.0,8386900000.0,5900480000.0,1089290000.0,1998700000.0,94910000.0,1000910000.0,4522940000.0,26442200000.0,0.07117079274086487,0.0970016790806434,0.18888743158974114,0.2652648773682767,0.1243582409459989,(0.1329750249163104+0j),0.08979349786714048,23.440627963333686,0.6318158290093298,-3522030000.0,-0.41994419869081545,0.3171786008728472
AFCONS,4868100000.0,52605200000.0,11707000000.0,87844700000.0,125037600000.0,109434630000.0,3563550000.0,23433000000.0,4606900000.0,-1322000000.0,3444900000.0,171192200000.0,0.09254028118893189,0.13326928090140897,0.0389330889268508,0.09362783674670659,0.04543078591278826,(0.1095806591620434+0j),0.4454502596701467,2.54118821767349,-0.27156385448121445,-4766900000.0,-0.03812373238129971,0.7303930903393963
AFFLE,3818690000.0,29464570000.0,4769740000.0,29931330000.0,22654990000.0,10816560000.0,2138780000.0,820950000.0,93370000.0,4259910000.0,1599020000.0,36217700000.0,0.12960277377202517,0.15935609944496285,0.16855845003683514,0.21053816399830677,0.27945466971907074,(0.2131544526194331+0j),0.027862276625791587,51.084288315304704,1.115542240925553,2660890000.0,0.11745271130113057,0.6255226035888529
AFFORDABLE,-116488000.0,1007464000.0,-48150000.0,1261524000.0,1621692000.0,807161000.0,23692000.0,608435000.0,46024000.0,-57778000.0,236205000.0,2327569000.0,-0.11562497518521754,-0.038168120463819954,-0.07183114919479161,-0.029691211401425176,0.2618354806517329,(-0.14978291860576753+1.4726191824377337j),0.6039272867318336,-1.0461932904571527,0.49599958794038873,-293983000.0,-0.1812816490430982,0.6967320839897765
AFIL,332319000.0,3822068000.0,431174000.0,6677057000.0,979082000.0,668375000.0,41207000.0,2817735000.0,2312000.0,-1771049000.0,21599000.0,6753644000.0,0.08694743264641026,0.06457545592317095,0.3394189659293093,0.4403859942272455,0.1357069663844701,(1.0053709752644893+0j),0.7372278567518945,186.4939446366782,-5.3293642554292715,-1792648000.0,-1.8309477653557107,0.14497092236428216
AFSL,1085106000.0,10740602000.0,1954612000.0,12046294000.0,32654646000.0,5842566000.0,618404000.0,8344858000.0,631102000.0,-1187614000.0,23357000.0,30598288000.0,0.10102841535325488,0.1622583675942161,0.03322975848520912,0.059857087411083865,0.774654376074309,(0.20614621488899698+0j),0.7769450911596948,3.0971411911228297,-1.0944681902044593,-1210971000.0,-0.03708418704033723,1.067205001796179
AGARIND,1156865000.0,6270948000.0,1648562000.0,8175792000.0,23989270000.0,15982437000.0,636889000.0,4349399000.0,284228000.0,998397000.0,1648530000.0,13446684000.0,0.18448008179943448,0.201639425269136,0.04822426860008662,0.0687208072609129,0.1449627133710054,(0.22013057830394445+0j),0.6935791845188319,5.80013932476744,0.8630194534366585,-650133000.0,-0.027100991401572454,1.7840286869238542
AGARWALEYE,834600000.0,18665900000.0,2677100000.0,31938100000.0,17046100000.0,6952650000.0,376940000.0,9609100000.0,1078600000.0,3603300000.0,3209000000.0,36715700000.0,0.044712550694046366,0.0838215172474255,0.04896134599703158,0.15705058635113017,0.3484190771013975,(0.3033729937538179+0j),0.5147943576254025,2.4820137214908216,4.317397555715313,394300000.0,0.023131390758003297,0.46427277704088443
AGI,3224106000.0,20977259000.0,5092798000.0,27529415000.0,25288220000.0,14120690000.0,1932984000.0,5527625000.0,824705000.0,4285506000.0,2539059000.0,34962115000.0,0.15369529450916347,0.1849947774044599,0.1274943827600361,0.20139013342971548,0.2143786242989527,(0.18593353758676456+0j),0.2635055895529535,6.175296621216071,1.3292075384618247,1746447000.0,0.06906168168419921,0.7233034957982376
AGIIL,666642000.0,2947980000.0,868082000.0,3932455000.0,3248732000.0,1974548000.0,364208000.0,1374166000.0,126603000.0,-199145000.0,479124000.0,11963768000.0,0.22613518409215802,0.2207481077342271,0.20520067521728477,0.26720640545295826,0.18054368809697974,(0.22324766914955418+0j),0.46613816918703654,6.856725354059541,-0.2987285529564594,-678269000.0,-0.2087796100139993,0.2715475592639376
AGRITECH,-11126000.0,1001390000.0,-11126000.0,1001470000.0,1802000.0,2845000.0,27492000.0,0.0,0.0,-6389000.0,13045000.0,1019521000.0,-0.011110556326705878,-0.011109668786883282,-6.174250832408435,-6.174250832408435,-0.14120236726737645,(-0.6301596899974662+0.6405822076114126j),0.0,,0.5742405177062736,-19434000.0,-10.784683684794672,0.0017674966969782868
AGROPHOS,-76778000.0,601616000.0,-73968000.0,616739000.0,655445000.0,412400000.0,31800000.0,287155000.0,31314000.0,28157000.0,14878000.0,1100950000.0,-0.1276196111805537,-0.1199340401693423,-0.1171387378040873,-0.11285157412139844,0.16700450548905765,(-0.3292306198863878+1.161806646518257j),0.47730612217760165,-2.3621383406782908,-0.36673265779259684,13279000.0,0.020259518342500133,0.5953449293791725
AGSTRA,-800880000.0,4616610000.0,9860000.0,10885300000.0,14706340000.0,17589440000.0,547920000.0,11195410000.0,1263330000.0,3492250000.0,519040000.0,20912030000.0,-0.17347794160650348,0.000905808751251688,-0.05445814526251943,0.0006704591353117091,-0.05792778207781013,(-0.43255979632557295+0.9828352630213393j),2.4250283216472694,0.007804769933429903,-4.360515932474279,2973210000.0,0.20217198840772074,0.7032478434661771
AHCL,205179000.0,804217000.0,306580000.0,1212476000.0,1202866000.0,571427000.0,-1077000.0,665544000.0,37698000.0,-225517000.0,5293000.0,1812999000.0,0.25512890177651054,0.252854489490926,0.17057510977947668,0.2548746078116764,0.2815990125427761,(1.8770168547774122+4.983139366706487j),0.827567683846524,8.132526924505278,-1.0991232046164567,-230810000.0,-0.19188338518172432,0.6634675474172903
AHLADA,37056000.0,1391440000.0,103797000.0,1472075000.0,1319951000.0,1312625000.0,51826000.0,357578000.0,45827000.0,135926000.0,377000.0,2116235000.0,0.02663140343816478,0.07051067370888033,0.0280737694050764,0.07863701001022008,0.0018569438732221055,(-0.10579529838689905+0j),0.25698413154717414,2.264974796517337,3.668123920552677,135549000.0,0.10269244843179785,0.6237260984720506
AHLEAST,175203000.0,2435690000.0,669371000.0,4004897000.0,1119384000.0,509391000.0,-344986000.0,3295971000.0,397538000.0,3916000.0,108660000.0,6689521000.0,0.07193156764612903,0.16713813114294823,0.1565173345339937,0.5979815684340674,0.3000975578428595,(-0.6010822507254094+0.6909458097846133j),1.3531980670775017,1.6837912350517434,0.022351215447224078,-104744000.0,-0.09357289366294319,0.16733395410523413
AHLUCONT,2020813000.0,17984474000.0,3132711000.0,22865723000.0,40986231000.0,26711006000.0,1552166000.0,761318000.0,402984000.0,3594264000.0,1887831000.0,37059462000.0,0.11236430934816331,0.13700467726299317,0.04930467990579568,0.07643325388958062,0.1534069912500502,(0.09193298926187143+0j),0.04233195811008985,7.7737850634268355,1.7786227622249065,1706433000.0,0.041634299089369796,1.10595860781789
AIAENG,10607360000.0,69269984000.0,13895215000.0,70461916000.0,42376384000.0,35231634000.0,6196809000.0,4905682000.0,210913000.0,11623070000.0,1370658000.0,78340737000.0,0.15313068355840823,0.19720177634681407,0.2503130045262946,0.3278999690016024,0.0634825540483912,(0.19622552748886735+0j),0.07081973629443887,65.88126383864437,1.0957552114758056,10252412000.0,0.2419369241132042,0.5409239895202926
AIIL,42414100000.0,146893400000.0,41181800000.0,150493600000.0,28448800000.0,8928665000.0,6687378000.0,10542000000.0,510100000.0,3257200000.0,725000000.0,160874200000.0,0.28874067861455993,0.2736448593162766,1.4908924102246843,1.4475759961755856,0.4714961872084549,(0.8510499062778618+0j),0.07176632850761164,80.7327974906881,0.07679521668501749,2532200000.0,0.08900902674278001,0.17683879702276686
AIRAN,184755000.0,1443069000.0,237997000.0,1623737000.0,1064984000.0,872822000.0,96147000.0,22793000.0,844000.0,212180000.0,54089000.0,1788738000.0,0.12802922105595782,0.14657361383031858,0.17348147953396484,0.22347471886901588,0.06857694431247174,(0.2432357428734433+0j),0.01579480953440203,281.9869668246445,1.1484398257151363,158091000.0,0.14844448367299415,0.5953828900599193
AIROLAM,27032000.0,733100000.0,100903000.0,1000696000.0,2135181000.0,1688969418.0,64871536.0,902843000.0,58444000.0,138824000.0,176784000.0,2164750000.0,0.03687355067521484,0.1008328203570315,0.012660285006282839,0.0472573519528321,0.08127867214701312,(-0.25307900703501884+0j),1.231541399536216,1.7264903155157074,5.135543060076946,-37960000.0,-0.017778352280204815,0.986340685991454
AJANTPHARM,9203900000.0,37902900000.0,12098900000.0,40188500000.0,45875100000.0,32841300000.0,7126800000.0,474200000.0,207300000.0,11572300000.0,3179200000.0,50149500000.0,0.24282838516314056,0.3010537840426988,0.20062953541245687,0.26373566488138445,0.117855225519361,(0.08899471821491356+0j),0.012510916051278399,58.364206464061745,1.2573256988885146,8393100000.0,0.18295545949763597,0.91476684712709
AJAXENGG,2600960000.0,11571370000.0,3513110000.0,11687660000.0,20717980000.0,7619640000.0,662080000.0,17680000.0,4290000.0,427200000.0,234520000.0,14824500000.0,0.22477545873997634,0.30058283694084187,0.12554119658383683,0.1695681721866707,0.39573933752416757,(0.5778815622906077+0j),0.0015279089684281117,818.9067599067599,0.1642470472440945,192680000.0,0.009300134472569237,1.3975500016863975
AJMERA,1259420000.0,12065137000.0,2427478000.0,19315840000.0,7379549000.0,4826834000.0,453857000.0,6771052000.0,756649000.0,75474000.0,56097000.0,22545430000.0,0.10438505588457056,0.12567291922070176,0.1706635459700857,0.32894666056150584,0.15200885991861512,(0.4052400402578402+0j),0.5612080492745337,3.208195609853446,0.05992758571405885,19377000.0,0.0026257702198332175,0.3273190620005917
AJOONI,33720000.0,880788000.0,46282000.0,902299000.0,1146919000.0,740378000.0,10488000.0,19397000.0,2990000.0,-177366000.0,20324000.0,950511000.0,0.038283900325617515,0.05129341825714093,0.029400506923331116,0.040353329223772556,0.15707030315486148,(0.4759272881946577+0j),0.022022325463108033,15.478929765886287,-5.259964412811388,-197690000.0,-0.17236613919553168,1.2066341157545784
AKASH,8909000.0,846650000.0,48106000.0,987242000.0,576311000.0,721227000.0,23235000.0,862295000.0,37542000.0,95478000.0,2836000.0,2082915000.0,0.010522648083623694,0.04872766758302422,0.01545866728207513,0.08347229187018815,-0.07204202015787975,(-0.27351147204259785+0j),1.018478710210831,1.2813915081775078,10.717027724772702,92642000.0,0.16075001171242612,0.27668483831553375
AKG,8582000.0,529066000.0,20746000.0,533847000.0,1326906000.0,1863403000.0,19390000.0,113333000.0,10087000.0,12085000.0,69000.0,788366000.0,0.016221038584978056,0.038861321689547756,0.0064676774390951585,0.015634867880618523,-0.10701439960072168,(-0.2379147306803362+0j),0.2142133495631925,2.0567066521264996,1.4081799114425542,12016000.0,0.00905565277419802,1.6831091142946297
AKI,16778000.0,651369000.0,42842000.0,684433000.0,780271000.0,609394000.0,16463000.0,224215000.0,16174000.0,-26706000.0,24814000.0,1143663000.0,0.025758057260938116,0.06259487780396328,0.021502785570654298,0.054906564514123936,0.08588149126871758,(0.006337687273586079+0j),0.3442211711027083,2.6488190923704713,-1.591727261890571,-51520000.0,-0.0660283414352193,0.6822560492033055
AKSHAR,-44481000.0,882116000.0,-47881000.0,922831000.0,1167691000.0,1725194000.0,70236000.0,59412000.0,10895000.0,-295716000.0,25095000.0,981131000.0,-0.050425340884872286,-0.051884906337129985,-0.038093125664238225,-0.041004854880272265,-0.1219956560187202,(-0.5706202141676439+0.7437076048046838j),0.0673516861727936,-4.3947682423129875,6.648141903284548,-320811000.0,-0.27473963574267507,1.190147900739045
AKSHARCHEM,47704000.0,2637112000.0,104058000.0,2999178000.0,3462652000.0,3682191000.0,159148000.0,667667000.0,45794000.0,348225000.0,442028000.0,4153000000.0,0.01808948577079775,0.03469550656879985,0.013776723736604199,0.030051532755818372,-0.020282546843525373,(-0.3307559217928042+0j),0.253181131480195,2.2723064156876447,7.299702331041422,-93803000.0,-0.027089929914990013,0.8337712496990127
AKSHOPTFBR,-259666000.0,116043000.0,-139528000.0,324833000.0,1301819000.0,3105292000.0,-4153000.0,990442000.0,133530000.0,-191538000.0,28092000.0,2815485000.0,-2.2376705186870383,-0.4295376393408305,-0.19946398078381097,-0.10717926224767038,-0.25157310248456577,(2.969030037179998+0j),8.535129219341107,-1.0449187448513442,0.7376321890428473,-219630000.0,-0.16871008949784877,0.4623782403386983
AKUMS,3381760000.0,30470140000.0,3756600000.0,32196950000.0,40710930000.0,36468340000.0,-2525360000.0,882120000.0,304070000.0,4651960000.0,2723120000.0,41134420000.0,0.1109860341961015,0.11667564784863163,0.08306761845037684,0.09227497382152655,0.037365203088168375,(-0.4488838139904592+0.9545612350421045j),0.028950310041240376,12.354392080770875,1.3756032361847086,1928840000.0,0.04737892256452997,0.98970472903228
AKZOINDIA,4295000000.0,13302000000.0,5790000000.0,14533000000.0,40648000000.0,31087000000.0,2901000000.0,621000000.0,91000000.0,3110000000.0,1065000000.0,29034000000.0,0.3228837768756578,0.39840363311085114,0.10566325526471167,0.14244243259200945,0.09350336270797444,(0.13973831000995007+0j),0.04668470906630582,63.62637362637363,0.7240977881257276,2045000000.0,0.05030997835071836,1.4000137769511607
ALANKIT,198568000.0,2967193000.0,347751000.0,3287972000.0,3010058000.0,1281484000.0,23565000.0,115216000.0,38282000.0,492436000.0,384866000.0,4245558000.0,0.06692116084123952,0.10576458680305063,0.06596816406859934,0.11552966753464551,0.3292925127957922,(1.0349196826271818+0j),0.038829964886005056,9.083929784232799,2.4799363442246487,107570000.0,0.03573685291113992,0.7089899608013834
ALBERTDAVD,172008000.0,3924834000.0,255241000.0,4072356000.0,3432465000.0,3124268000.0,352583000.0,123171000.0,2964000.0,-284358000.0,148559000.0,5114156000.0,0.043825547781129084,0.06267649488404256,0.05011209145614012,0.07436084563134657,0.03185643987658571,(-0.21278065260002144+0j),0.03138247375557794,86.11369770580296,-1.6531672945444398,-432917000.0,-0.12612422850633584,0.6711693972573383
ALEMBICLTD,3106768000.0,23385908000.0,1579736000.0,23925333000.0,2111813000.0,713693000.0,2220590000.0,144473000.0,24711000.0,863702000.0,507655000.0,25030036000.0,0.13284786718565728,0.06602775392927655,1.471137832753184,0.7480472939602133,0.43564812234782746,(0.11844203536574271+0j),0.006177780225595688,63.928452915705556,0.2780065972097048,356047000.0,0.168597787777611,0.08437115312179336
ALICON,460608000.0,5932739000.0,1028538000.0,7390331000.0,16423754000.0,10417843000.0,241806000.0,3655810000.0,407409000.0,2041502000.0,1828035000.0,12951092000.0,0.07763833871673775,0.13917346868496147,0.028045232533317293,0.06262502470507048,0.16385320730632347,(0.2396187442665143+0j),0.61620947761228,2.5245834039012394,4.432189627622621,213467000.0,0.012997454784088949,1.2681366173601423
ALIVUS,4856270000.0,28173720000.0,6565450000.0,29412940000.0,23398350000.0,20874480000.0,4187240000.0,566060000.0,24140000.0,3915240000.0,1661870000.0,34114530000.0,0.17236878907009795,0.2232163802734443,0.20754754074539444,0.2805945718394673,0.03877906644858209,(0.050650625867320276+0j),0.020091773468324383,271.9739022369511,0.8062237066719932,2253370000.0,0.09630465396064253,0.6858763699807677
ALKALI,-57998000.0,445248000.0,-57798000.0,479927000.0,823103000.0,910159000.0,34808000.0,181799000.0,22552000.0,54375000.0,13093000.0,929362000.0,-0.13025998993819174,-0.12043081551986032,-0.0704626273990011,-0.07021964444304055,-0.03295732670445217,(-0.40723668229807397+1.0266961831228276j),0.4083095263763116,-2.562876906704505,-0.9375323287009897,41282000.0,0.05015411193981798,0.8856645741917574
